{
  "LOCALSERVER": {
    "SERVER-ID": "1230123",
    "SERVER-NAME": "Duplex",
    "SERVER-BUILDS": "1",
    "SERVER-VERSION": "1.0",
    "SERVER-PORT": "",
    "SERVER-DOMAIN": "",
    "YANDEX-METRIC": "",
    "GOOGLE-ANALITICS": "",
    "SERVER_ACTIVE": ""
  },
  "GLOBAL-SERVER": {
    "SERVER-ID": "1",
    "SERVER-NAME": "ZentasRU #1",
    "SERVER-BUILDS": "1",
    "SERVER-VERSION": "1",
    "SERVER-DOMAIN": "",
    "SERVER-AUTO": {
      "HOST": "",
      "DOMAIN": ""
    }
  },
  "TELEGRAM": {
    "TELEGRAM-TOKEN": "6485069394:AAE_17sk-oTRwFZychn1XInDMIuUbxq6orQ",
    "TG_LOGIN-CODE": "1234",
    "TG_WHITE-LIST": [
      "1642661427",
      "6782258880"
    ]
  }
}