[
  {
    "id": "682434",
    "text": "Сведения об образовательной организации",
    "link": "http://localhost:3000/pages/1.html",
    "priority": "1"
  },
  {
    "id": "296863",
    "text": "Прием в 1 класс (2023-2024 учебный год)",
    "link": "#",
    "priority": "2"
  },
  {
    "id": "996051",
    "text": "Общегородской набор в 7-ой класс",
    "link": "#",
    "priority": "3"
  },
  {
    "id": "274734",
    "text": "Независимая оценка качества",
    "link": "#",
    "priority": "4"
  },
  {
    "id": "948012",
    "priority": "4",
    "text": "Дистанционное обучение",
    "link": "#"
  },
  {
    "id": "518077",
    "text": "Система «ЭПОС»",
    "link": "#",
    "priority": "5"
  },
  {
    "id": "126523",
    "text": "Расписание",
    "link": "#",
    "priority": "6"
  },
  {
    "id": "237074",
    "priority": "7",
    "text": "Центр инновационного опыта",
    "link": "#"
  },
  {
    "id": "591107",
    "text": "Платные образовательные услуги",
    "link": "#",
    "priority": "8"
  },
  {
    "id": "512416",
    "text": "ММОШ",
    "link": "#",
    "priority": "9"
  },
  {
    "id": "589105",
    "text": "Школьная символика, форма",
    "link": "#",
    "priority": "10"
  },
  {
    "id": "951998",
    "text": "оспитательная среда",
    "link": "#",
    "priority": "11"
  },
  {
    "id": "891766",
    "text": "Психолого-педагогическая служба",
    "link": "#",
    "priority": "12"
  },
  {
    "id": "786186",
    "text": "Профориентация",
    "link": "#",
    "priority": "13"
  },
  {
    "id": "731467",
    "text": "Государственная итоговая аттестация",
    "link": "#",
    "priority": "14"
  },
  {
    "id": "761888",
    "text": "Сведения о продолжении обучения выпускниками",
    "link": "#",
    "priority": "15"
  },
  {
    "id": "696862",
    "text": "Проекты, Программы",
    "link": "#",
    "priority": "16"
  },
  {
    "id": "220972",
    "text": "Студия творческого развития «Оперение»",
    "link": "#",
    "priority": "17"
  },
  {
    "id": "290127",
    "text": "Информация о проверках",
    "link": "#",
    "priority": "18"
  },
  {
    "id": "835007",
    "text": "Безопасность",
    "link": "#",
    "priority": "19"
  },
  {
    "id": "793763",
    "text": "Информационная безопасность",
    "link": "#",
    "priority": "20"
  },
  {
    "id": "937707",
    "text": "Организация питания обучающихся безопасность",
    "link": "#",
    "priority": "21"
  },
  {
    "id": "544938",
    "text": "Ежедневное меню",
    "link": "#",
    "priority": "22"
  },
  {
    "id": "424475",
    "text": "Противодействие коррупции",
    "link": "#",
    "priority": "23"
  },
  {
    "id": "358053",
    "text": "Школьная карта",
    "link": "#",
    "priority": "24"
  },
  {
    "id": "389927",
    "text": "Готов к труду и обороне",
    "link": "#",
    "priority": "25"
  },
  {
    "id": "191491",
    "text": "Школьный спортивный клуб «Стрела»",
    "link": "#",
    "priority": "26"
  },
  {
    "id": "879750",
    "text": "Телефон доверия",
    "link": "#",
    "priority": "27"
  },
  {
    "id": "268079",
    "text": "Полезные ссылки",
    "link": "#",
    "priority": "28"
  }
]